{"global_step": 35411, "_timestamp": 1762975938.8982308, "_runtime": 145.38321685791016, "_step": 522, "charts/episodic_return": 151.0, "charts/episodic_length": 151.0, "charts/learning_rate": 0.00019436619186308235, "losses/value_loss": 50.73926544189453, "losses/policy_loss": -8.093193173408508e-05, "losses/entropy": 0.5739531517028809, "losses/old_approx_kl": 4.909280687570572e-05, "losses/approx_kl": 4.860572516918182e-06, "losses/clipfrac": 0.0, "losses/explained_variance": 0.593076229095459, "charts/SPS": 258.0, "_wandb": {"runtime": 144}}